{"cameraMode":{"drawMode":0,"name":"Shaded","section":"Shading Mode"},"sceneLighting":true,"audioPlay":false,"sceneViewState":{"showFog":true,"showMaterialUpdate":true,"showSkybox":true,"showFlares":true,"showImageEffects":true,"showParticleSystems":true},"in2DMode":false,"pivot":{"x":19.0788631439209,"y":2.362077236175537,"z":27.334819793701173},"rotation":{"x":0.016124406829476358,"y":0.9306701421737671,"z":0.043292224407196048,"w":-0.36372116208076479},"size":12.761646270751954,"orthographic":false}